"DESCRIPTION","DURATION IN MS","NAME","PARENT SUITE","START TIME","STATUS","STOP TIME","SUB SUITE","SUITE","TEST CLASS","TEST METHOD"
"","60030","testing the data clearing by immediate re registration of the deleted email address","chromium","2026-06-02","broken","2026-06-02","Testing the Account Delete Functionality","Deletion.spec.js","",""
"","60017","missing the name field and submitting the form","webkit","2026-06-02","broken","2026-06-02","Testing the Contact us Functionality","ContactUs.spec.js","",""
"","60031","testing the UI header changes upon successful account deletion","chromium","2026-06-02","broken","2026-06-02","Testing the Account Delete Functionality","Deletion.spec.js","",""
"","60031","Testing cart state when we reload the page","webkit","2026-06-02","broken","2026-06-02","Testing the Cart Functionality without login","Cart.spec.js","",""
"","60021","Testing the Login before checkout","firefox","2026-06-02","broken","2026-06-02","Testing the checkout functionality of the automation exercise","checkout.spec.js","",""
"","60018","Submitting the form by filling all the details","webkit","2026-06-02","broken","2026-06-02","Testing the Contact us Functionality","ContactUs.spec.js","",""
"","60021","Testing clicking on the order in checkout page redirects to the products page","firefox","2026-06-02","broken","2026-06-02","Testing the checkout functionality of the automation exercise","checkout.spec.js","",""
"","1419","Testing the missing checkout button on the cart page when cart is empty","chromium","2026-06-02","passed","2026-06-02","Testing the checkout functionality of the automation exercise","checkout.spec.js","",""
"","60017","Testing clicking the contact us button direct to contact us page","webkit","2026-06-02","broken","2026-06-02","Testing the Contact us Functionality","ContactUs.spec.js","",""
"","60054","Testing the account to be re created with the same email after a successful account deletion","chromium","2026-06-02","broken","2026-06-02","Testing the Account Delete Functionality","Deletion.spec.js","",""
"","3859","Testing the cart first by login and adding the product then logout and then re login will display the product","chromium","2026-06-02","passed","2026-06-02","Testing the Cart Functionality with login","Cart.spec.js","",""
"","60019","the header Logout button logouts user instantly","chromium","2026-06-02","broken","2026-06-02","Testing the Login Page","Login.spec.js","",""
"","60016","Testing the view product displays the product details without missing any data","chromium","2026-06-02","broken","2026-06-02","Testing the Interface Functionality","InterfaceFunctionality.spec.js","",""
"","60087","Testing the Updation of products in product page will update the cart","chromium","2026-06-02","broken","2026-06-02","Testing the Cart Functionality without login","Cart.spec.js","",""
"","60119","Testing by adding an item as a guest and then log in then the cart synchronices to it","firefox","2026-06-02","broken","2026-06-02","Testing the Cart Functionality with login","Cart.spec.js","",""
"","60018","Testing By adding different products into the cart","webkit","2026-06-02","broken","2026-06-02","Testing the Cart Functionality without login","Cart.spec.js","",""
"","60022","Testing checking the total amount in case of multiple items in cart at checkout","firefox","2026-06-02","broken","2026-06-02","Testing the checkout functionality of the automation exercise","checkout.spec.js","",""
"","2117","Testing by adding the item from going to category","chromium","2026-06-02","passed","2026-06-02","Testing the Cart Functionality without login","Cart.spec.js","",""
"","60017","Testing by missing the subject field and submitting","webkit","2026-06-02","broken","2026-06-02","Testing the Contact us Functionality","ContactUs.spec.js","",""
"","2889","testing cart by adding the same product multiple times and checking the updation in quantity","chromium","2026-06-02","passed","2026-06-02","Testing the Cart Functionality without login","Cart.spec.js","",""
"","30141","Testing the Visibility of Subscription option in the buttom of the page","chromium","2026-06-02","failed","2026-06-02","Testing the Interface Functionality","InterfaceFunctionality.spec.js","",""
"","1961","Testing by missing the subject field and submitting","chromium","2026-06-02","passed","2026-06-02","Testing the Contact us Functionality","ContactUs.spec.js","",""
"","60017","Testing Product review block in products page with wrong email format","chromium","2026-06-02","broken","2026-06-02","Testing the Interface Functionality","InterfaceFunctionality.spec.js","",""
"","60017","Testing the visibility of Feedback for us and get in touch","webkit","2026-06-02","broken","2026-06-02","Testing the Contact us Functionality","ContactUs.spec.js","",""
"","2261","Testing checking the total amount in case of multiple items in cart at checkout","chromium","2026-06-02","passed","2026-06-02","Testing the checkout functionality of the automation exercise","checkout.spec.js","",""
"","60020","Testing password By changing case-sensitivity","chromium","2026-06-02","broken","2026-06-02","Testing the Login Page","Login.spec.js","",""
"","1965","Testing the multiplied price of products in the cart is correct","chromium","2026-06-02","passed","2026-06-02","Testing the Cart Functionality without login","Cart.spec.js","",""
"","2463","Testing the Your Billing address to be same as your billing address","chromium","2026-06-02","passed","2026-06-02","Testing the checkout functionality of the automation exercise","checkout.spec.js","",""
"","1272","Testing the visibility of Feedback for us and get in touch","chromium","2026-06-02","passed","2026-06-02","Testing the Contact us Functionality","ContactUs.spec.js","",""
"","2555","Testing by adding product to the cart directly from the search results page","chromium","2026-06-02","passed","2026-06-02","Testing the Cart Functionality without login","Cart.spec.js","",""
"","60023","Testing the missing checkout button on the cart page when cart is empty","firefox","2026-06-02","broken","2026-06-02","Testing the checkout functionality of the automation exercise","checkout.spec.js","",""
"","60015","Testing the Your Billing address to be same as your billing address","webkit","2026-06-02","broken","2026-06-02","Testing the checkout functionality of the automation exercise","checkout.spec.js","",""
"","60018","Testing the price updation on adding same item into the cart","webkit","2026-06-02","broken","2026-06-02","Testing the Cart Functionality without login","Cart.spec.js","",""
"","60028","Testing the Updation of products in product page will update the cart","webkit","2026-06-02","broken","2026-06-02","Testing the Cart Functionality without login","Cart.spec.js","",""
"","60021","Testing the Checkout button on the cart page when cart has products","firefox","2026-06-02","broken","2026-06-02","Testing the checkout functionality of the automation exercise","checkout.spec.js","",""
"","60017","Testing the password case sensitivity for login","chromium","2026-06-02","broken","2026-06-02","Testing the Login Page","Login.spec.js","",""
"","3445","Testing the Diaplay of Total amount","chromium","2026-06-02","passed","2026-06-02","Testing the checkout functionality of the automation exercise","checkout.spec.js","",""
"","1085","Testing the visibility of contact us button in the home page","chromium","2026-06-02","passed","2026-06-02","Testing the Contact us Functionality","ContactUs.spec.js","",""
"","2046","missing the name field and submitting the form","chromium","2026-06-02","passed","2026-06-02","Testing the Contact us Functionality","ContactUs.spec.js","",""
"","60016","Testing clicking on the Home button after submitting the form redirects to home","webkit","2026-06-02","broken","2026-06-02","Testing the Contact us Functionality","ContactUs.spec.js","",""
"","60020","Testing By missing the email field and submitting the form","webkit","2026-06-02","broken","2026-06-02","Testing the Contact us Functionality","ContactUs.spec.js","",""
"","30208","Testing the Visibility of login page , email and password","chromium","2026-06-02","failed","2026-06-02","Testing the Login Page","Login.spec.js","",""
"","31370","Testing clicking on Kids takes us to kids dresses","chromium","2026-06-02","failed","2026-06-02","Testing the Interface Functionality","InterfaceFunctionality.spec.js","",""
"","60022","Testing cart state when we reload the page","firefox","2026-06-02","broken","2026-06-02","Testing the Cart Functionality without login","Cart.spec.js","",""
"","1804","Testing clicking on Men takes us to men dresses","chromium","2026-06-02","passed","2026-06-02","Testing the Interface Functionality","InterfaceFunctionality.spec.js","",""
"","60145","Testing by adding an item as a guest and then log in then the cart synchronices to it","webkit","2026-06-02","broken","2026-06-02","Testing the Cart Functionality with login","Cart.spec.js","",""
"","1561","Testing the Login before checkout","chromium","2026-06-02","passed","2026-06-02","Testing the checkout functionality of the automation exercise","checkout.spec.js","",""
"","2451","Testing clicking on the order in checkout page redirects to the products page","chromium","2026-06-02","passed","2026-06-02","Testing the checkout functionality of the automation exercise","checkout.spec.js","",""
"","60022","Removing of products from the cart","webkit","2026-06-02","broken","2026-06-02","Testing the Cart Functionality without login","Cart.spec.js","",""
"","60109","Testing the cart first by login and adding the product then logout and then re login will display the product","firefox","2026-06-02","broken","2026-06-02","Testing the Cart Functionality with login","Cart.spec.js","",""
"","1932","Submitting the form by filling all the details","chromium","2026-06-02","passed","2026-06-02","Testing the Contact us Functionality","ContactUs.spec.js","",""
"","60030","testing the continue button click","chromium","2026-06-02","broken","2026-06-02","Testing the Account Delete Functionality","Deletion.spec.js","",""
"","60092","Testing By adding different products into the cart","chromium","2026-06-02","broken","2026-06-02","Testing the Cart Functionality without login","Cart.spec.js","",""
"","60026","Testing By adding different products into the cart","firefox","2026-06-02","broken","2026-06-02","Testing the Cart Functionality without login","Cart.spec.js","",""
"","60018","testing cart by adding the same product multiple times and checking the updation in quantity","webkit","2026-06-02","broken","2026-06-02","Testing the Cart Functionality without login","Cart.spec.js","",""
"","60021","Testing the Place Order Button redirect to payment page","firefox","2026-06-02","broken","2026-06-02","Testing the checkout functionality of the automation exercise","checkout.spec.js","",""
"","60021","Testing the empty cart by directly going to cart without adding products","webkit","2026-06-02","broken","2026-06-02","Testing the Cart Functionality without login","Cart.spec.js","",""
"","60017","Testing the missing checkout button on the cart page when cart is empty","webkit","2026-06-02","broken","2026-06-02","Testing the checkout functionality of the automation exercise","checkout.spec.js","",""
"","60023","Testing the price updation on adding same item into the cart","firefox","2026-06-02","broken","2026-06-02","Testing the Cart Functionality without login","Cart.spec.js","",""
"","60018","Testing the login page with valid email and password","chromium","2026-06-02","broken","2026-06-02","Testing the Login Page","Login.spec.js","",""
"","60036","Removing of products from the cart","firefox","2026-06-02","broken","2026-06-02","Testing the Cart Functionality without login","Cart.spec.js","",""
"","60020","Testing access rejection when inputting a valid email with an invalid password","chromium","2026-06-02","broken","2026-06-02","Testing the Login Page","Login.spec.js","",""
"","30566","Testing the visibility of contact us button in the home page","webkit","2026-06-02","failed","2026-06-02","Testing the Contact us Functionality","ContactUs.spec.js","",""
"","60019","Testing the Checkout button on the cart page when cart has products","webkit","2026-06-02","broken","2026-06-02","Testing the checkout functionality of the automation exercise","checkout.spec.js","",""
"","60021","Testing the clicking of item in cart directs us to the product page of that item","firefox","2026-06-02","broken","2026-06-02","Testing the Cart Functionality without login","Cart.spec.js","",""
"","60022","Testing By missing the email field and submitting the form","firefox","2026-06-02","broken","2026-06-02","Testing the Contact us Functionality","ContactUs.spec.js","",""
"","1484","Testing the Checkout button on the cart page when cart has products","chromium","2026-06-02","passed","2026-06-02","Testing the checkout functionality of the automation exercise","checkout.spec.js","",""
"","60018","Testing clicking on the order in checkout page redirects to the products page","webkit","2026-06-02","broken","2026-06-02","Testing the checkout functionality of the automation exercise","checkout.spec.js","",""
"","60018","Testing the brand filter navigates to that brand products page","chromium","2026-06-02","broken","2026-06-02","Testing the Interface Functionality","InterfaceFunctionality.spec.js","",""
"","2142","Testing the Page refresh completely empties the form when it is filled partially","chromium","2026-06-02","passed","2026-06-02","Testing the Contact us Functionality","ContactUs.spec.js","",""
"","60023","Testing the Visibility of Get in touch form after clicking the contact us button","firefox","2026-06-02","broken","2026-06-02","Testing the Contact us Functionality","ContactUs.spec.js","",""
"","1479","Testing By missing the email field and submitting the form","chromium","2026-06-02","passed","2026-06-02","Testing the Contact us Functionality","ContactUs.spec.js","",""
"","60030","Testing the visibility of products availability,condition and brand","chromium","2026-06-02","broken","2026-06-02","Testing the Interface Functionality","InterfaceFunctionality.spec.js","",""
"","60021","Testing the comment textarea input data before placing order","webkit","2026-06-02","broken","2026-06-02","Testing the checkout functionality of the automation exercise","checkout.spec.js","",""
"","1757","Testing the clicking of item in cart directs us to the product page of that item","chromium","2026-06-02","passed","2026-06-02","Testing the Cart Functionality without login","Cart.spec.js","",""
"","1495","Testing with invald email input","chromium","2026-06-02","passed","2026-06-02","Testing the Contact us Functionality","ContactUs.spec.js","",""
"","30996","Testing the visibility of contact us button in the home page","firefox","2026-06-02","failed","2026-06-02","Testing the Contact us Functionality","ContactUs.spec.js","",""
"","60016","Testing clicking the product link in the header will redirect to product page","chromium","2026-06-02","broken","2026-06-02","Testing the Interface Functionality","InterfaceFunctionality.spec.js","",""
"","60016","Testing access rejection when attempting authentication with a non-registered email","chromium","2026-06-02","broken","2026-06-02","Testing the Login Page","Login.spec.js","",""
"","60030","Testing the visibility of Delete Account button in the home page","chromium","2026-06-02","broken","2026-06-02","Testing the Account Delete Functionality","Deletion.spec.js","",""
"","60018","Testing the click on add cart button pops the message added to cart","webkit","2026-06-02","broken","2026-06-02","Testing the Cart Functionality without login","Cart.spec.js","",""
"","60017","Testing Login form Submission by pressing Enter key instead of clicking login button","chromium","2026-06-02","broken","2026-06-02","Testing the Login Page","Login.spec.js","",""
"","60027","Testing the Updation of products in product page will update the cart","firefox","2026-06-02","broken","2026-06-02","Testing the Cart Functionality without login","Cart.spec.js","",""
"","60017","Testing the subscription block by subscribing with email","chromium","2026-06-02","broken","2026-06-02","Testing the Interface Functionality","InterfaceFunctionality.spec.js","",""
"","60024","Testing the empty cart by directly going to cart without adding products","firefox","2026-06-02","broken","2026-06-02","Testing the Cart Functionality without login","Cart.spec.js","",""
"","60052","Testing with invald email input","webkit","2026-06-02","broken","2026-06-02","Testing the Contact us Functionality","ContactUs.spec.js","",""
"","60019","Testing the Diaplay of Total amount","firefox","2026-06-02","broken","2026-06-02","Testing the checkout functionality of the automation exercise","checkout.spec.js","",""
"","60023","Testing by attempting to log in with a newly deleted account","chromium","2026-06-02","broken","2026-06-02","Testing the Account Delete Functionality","Deletion.spec.js","",""
"","30138","Testing the image slider controls change home banner contexts","chromium","2026-06-02","failed","2026-06-02","Testing the Interface Functionality","InterfaceFunctionality.spec.js","",""
"","1157","Testing interface display of home page","chromium","2026-06-02","passed","2026-06-02","Testing the Interface Functionality","InterfaceFunctionality.spec.js","",""
"","2501","Testing the Delivery address details contents are visible","chromium","2026-06-02","passed","2026-06-02","Testing the checkout functionality of the automation exercise","checkout.spec.js","",""
"","2606","Testing the display of your billing address","chromium","2026-06-02","passed","2026-06-02","Testing the checkout functionality of the automation exercise","checkout.spec.js","",""
"","60019","Testing the Login before checkout","webkit","2026-06-02","broken","2026-06-02","Testing the checkout functionality of the automation exercise","checkout.spec.js","",""
"","2325","Testing the display of Delivery Address","chromium","2026-06-02","passed","2026-06-02","Testing the checkout functionality of the automation exercise","checkout.spec.js","",""
"","60024","Testing the click on add cart button pops the message added to cart","firefox","2026-06-02","broken","2026-06-02","Testing the Cart Functionality without login","Cart.spec.js","",""
"","60148","Testing the cart first by login and adding the product then logout and then re login will display the product","webkit","2026-06-02","broken","2026-06-02","Testing the Cart Functionality with login","Cart.spec.js","",""
"","60025","Testing by adding the item from going to category","firefox","2026-06-02","broken","2026-06-02","Testing the Cart Functionality without login","Cart.spec.js","",""
"","60311","Testing with invald email input","firefox","2026-06-02","broken","2026-06-02","Testing the Contact us Functionality","ContactUs.spec.js","",""
"","60020","Testing the display of Delivery Address","webkit","2026-06-02","broken","2026-06-02","Testing the checkout functionality of the automation exercise","checkout.spec.js","",""
"","60018","Testing the subscription block with empty email field","chromium","2026-06-02","broken","2026-06-02","Testing the Interface Functionality","InterfaceFunctionality.spec.js","",""
"","60028","Testing the multiplied price of products in the cart is correct","webkit","2026-06-02","broken","2026-06-02","Testing the Cart Functionality without login","Cart.spec.js","",""
"","60019","Testing Product review block in products page with missing review","chromium","2026-06-02","broken","2026-06-02","Testing the Interface Functionality","InterfaceFunctionality.spec.js","",""
"","60022","missing the name field and submitting the form","firefox","2026-06-02","broken","2026-06-02","Testing the Contact us Functionality","ContactUs.spec.js","",""
"","2529","Testing the comment textarea input data before placing order","chromium","2026-06-02","passed","2026-06-02","Testing the checkout functionality of the automation exercise","checkout.spec.js","",""
"","60020","Testing the Review your order after checkout button","webkit","2026-06-02","broken","2026-06-02","Testing the checkout functionality of the automation exercise","checkout.spec.js","",""
"","60027","Testing the display of your billing address","firefox","2026-06-02","broken","2026-06-02","Testing the checkout functionality of the automation exercise","checkout.spec.js","",""
"","60023","testing cart by adding the same product multiple times and checking the updation in quantity","firefox","2026-06-02","broken","2026-06-02","Testing the Cart Functionality without login","Cart.spec.js","",""
"","60025","Testing the Your Billing address to be same as your billing address","firefox","2026-06-02","broken","2026-06-02","Testing the checkout functionality of the automation exercise","checkout.spec.js","",""
"","60015","Testing the product review block by missing the Name","chromium","2026-06-02","broken","2026-06-02","Testing the Interface Functionality","InterfaceFunctionality.spec.js","",""
"","2615","Removing of products from the cart","chromium","2026-06-02","passed","2026-06-02","Testing the Cart Functionality without login","Cart.spec.js","",""
"","60029","Testing the clicking on account delete button deletes our account and displays account deleted","chromium","2026-06-02","broken","2026-06-02","Testing the Account Delete Functionality","Deletion.spec.js","",""
"","1262","Testing clicking on Women-Dress redirect to Women dresses","chromium","2026-06-02","passed","2026-06-02","Testing the Interface Functionality","InterfaceFunctionality.spec.js","",""
"","60022","Testing the display of Delivery Address","firefox","2026-06-02","broken","2026-06-02","Testing the checkout functionality of the automation exercise","checkout.spec.js","",""
"","2525","Testing the Place Order Button redirect to payment page","chromium","2026-06-02","passed","2026-06-02","Testing the checkout functionality of the automation exercise","checkout.spec.js","",""
"","60025","Testing the cart products to be visible in multiple browser tabs","webkit","2026-06-02","broken","2026-06-02","Testing the Cart Functionality without login","Cart.spec.js","",""
"","60022","Testing the cart products to be visible in multiple browser tabs","firefox","2026-06-02","broken","2026-06-02","Testing the Cart Functionality without login","Cart.spec.js","",""
"","2242","Testing clicking on the Home button after submitting the form redirects to home","chromium","2026-06-02","passed","2026-06-02","Testing the Contact us Functionality","ContactUs.spec.js","",""
"","1735","Testing the Register/login button if we checkout without login","chromium","2026-06-02","passed","2026-06-02","Testing the checkout functionality of the automation exercise","checkout.spec.js","",""
"","30195","Testing the password input field uses masking","chromium","2026-06-02","failed","2026-06-02","Testing the Login Page","Login.spec.js","",""
"","60018","Testing the Login page and checking our name in Logged in as","chromium","2026-06-02","broken","2026-06-02","Testing the Login Page","Login.spec.js","",""
"","60018","Testing the Subscription block validation with wrong email format","chromium","2026-06-02","broken","2026-06-02","Testing the Interface Functionality","InterfaceFunctionality.spec.js","",""
"","1765","Testing the empty cart by directly going to cart without adding products","chromium","2026-06-02","passed","2026-06-02","Testing the Cart Functionality without login","Cart.spec.js","",""
"","60017","Testing the Register/login button if we checkout without login","webkit","2026-06-02","broken","2026-06-02","Testing the checkout functionality of the automation exercise","checkout.spec.js","",""
"","60018","Testing the Visibility of Get in touch form after clicking the contact us button","webkit","2026-06-02","broken","2026-06-02","Testing the Contact us Functionality","ContactUs.spec.js","",""
"","2290","Testing the Review your order after checkout button","chromium","2026-06-02","passed","2026-06-02","Testing the checkout functionality of the automation exercise","checkout.spec.js","",""
"","60019","Testing checking the total amount in case of multiple items in cart at checkout","webkit","2026-06-02","broken","2026-06-02","Testing the checkout functionality of the automation exercise","checkout.spec.js","",""
"","60024","Testing clicking on the Home button after submitting the form redirects to home","firefox","2026-06-02","broken","2026-06-02","Testing the Contact us Functionality","ContactUs.spec.js","",""
"","60016","Testing the email input field with extra spaces does not give error","chromium","2026-06-02","broken","2026-06-02","Testing the Login Page","Login.spec.js","",""
"","60019","Testing the Delivery address details contents are visible","webkit","2026-06-02","broken","2026-06-02","Testing the checkout functionality of the automation exercise","checkout.spec.js","",""
"","60016","Testing Write your review block in products page for a product","chromium","2026-06-02","broken","2026-06-02","Testing the Interface Functionality","InterfaceFunctionality.spec.js","",""
"","60016","Testing the search functionality","chromium","2026-06-02","broken","2026-06-02","Testing the Interface Functionality","InterfaceFunctionality.spec.js","",""
"","60017","Testing the buttom scroll up arrow button returns to the header","chromium","2026-06-02","broken","2026-06-02","Testing the Interface Functionality","InterfaceFunctionality.spec.js","",""
"","60019","Testing by adding product to the cart directly from the search results page","firefox","2026-06-02","broken","2026-06-02","Testing the Cart Functionality without login","Cart.spec.js","",""
"","60018","Testing the search bar Visibility in the product page","chromium","2026-06-02","broken","2026-06-02","Testing the Interface Functionality","InterfaceFunctionality.spec.js","",""
"","60025","Testing the Review your order after checkout button","firefox","2026-06-02","broken","2026-06-02","Testing the checkout functionality of the automation exercise","checkout.spec.js","",""
"","60021","Testing by adding the item from going to category","webkit","2026-06-02","broken","2026-06-02","Testing the Cart Functionality without login","Cart.spec.js","",""
"","60030","Testing the multiplied price of products in the cart is correct","firefox","2026-06-02","broken","2026-06-02","Testing the Cart Functionality without login","Cart.spec.js","",""
"","3011","Testing the cart products to be visible in multiple browser tabs","chromium","2026-06-02","passed","2026-06-02","Testing the Cart Functionality without login","Cart.spec.js","",""
"","60015","Testing the product review block by missing the Email","chromium","2026-06-02","broken","2026-06-02","Testing the Interface Functionality","InterfaceFunctionality.spec.js","",""
"","60024","Submitting the form by filling all the details","firefox","2026-06-02","broken","2026-06-02","Testing the Contact us Functionality","ContactUs.spec.js","",""
"","1189","Testing clicking the contact us button direct to contact us page","chromium","2026-06-02","passed","2026-06-02","Testing the Contact us Functionality","ContactUs.spec.js","",""
"","60020","Testing by missing the subject field and submitting","firefox","2026-06-02","broken","2026-06-02","Testing the Contact us Functionality","ContactUs.spec.js","",""
"","60019","Testing the Diaplay of Total amount","webkit","2026-06-02","broken","2026-06-02","Testing the checkout functionality of the automation exercise","checkout.spec.js","",""
"","2756","Testing by adding an item as a guest and then log in then the cart synchronices to it","chromium","2026-06-02","passed","2026-06-02","Testing the Cart Functionality with login","Cart.spec.js","",""
"","60025","Testing the comment textarea input data before placing order","firefox","2026-06-02","broken","2026-06-02","Testing the checkout functionality of the automation exercise","checkout.spec.js","",""
"","60016","Testing the display of Special offer banner in product page","chromium","2026-06-02","broken","2026-06-02","Testing the Interface Functionality","InterfaceFunctionality.spec.js","",""
"","60019","Testing the clicking of item in cart directs us to the product page of that item","webkit","2026-06-02","broken","2026-06-02","Testing the Cart Functionality without login","Cart.spec.js","",""
"","60018","Testing by adding product to the cart directly from the search results page","webkit","2026-06-02","broken","2026-06-02","Testing the Cart Functionality without login","Cart.spec.js","",""
"","60022","Testing clicking the contact us button direct to contact us page","firefox","2026-06-02","broken","2026-06-02","Testing the Contact us Functionality","ContactUs.spec.js","",""
"","1473","Testing the click on add cart button pops the message added to cart","chromium","2026-06-02","passed","2026-06-02","Testing the Cart Functionality without login","Cart.spec.js","",""
"","1304","Testing the Visibility of Get in touch form after clicking the contact us button","chromium","2026-06-02","passed","2026-06-02","Testing the Contact us Functionality","ContactUs.spec.js","",""
"","60022","Testing the Register/login button if we checkout without login","firefox","2026-06-02","broken","2026-06-02","Testing the checkout functionality of the automation exercise","checkout.spec.js","",""
"","1838","Testing the price updation on adding same item into the cart","chromium","2026-06-02","passed","2026-06-02","Testing the Cart Functionality without login","Cart.spec.js","",""
"","7347","Testing cart state when we reload the page","chromium","2026-06-02","passed","2026-06-02","Testing the Cart Functionality without login","Cart.spec.js","",""
"","1063","Testing the non visibilty of account delete button in guest mode","chromium","2026-06-02","passed","2026-06-02","Testing the Account Delete Functionality","Deletion.spec.js","",""
"","60020","Testing the Delivery address details contents are visible","firefox","2026-06-02","broken","2026-06-02","Testing the checkout functionality of the automation exercise","checkout.spec.js","",""
"","60047","Testing the Place Order Button redirect to payment page","webkit","2026-06-02","broken","2026-06-02","Testing the checkout functionality of the automation exercise","checkout.spec.js","",""
"","60019","Testing the display of your billing address","webkit","2026-06-02","broken","2026-06-02","Testing the checkout functionality of the automation exercise","checkout.spec.js","",""
